[
  { "nome": "Agrigento", "regione": "Sicilia" },
  { "nome": "Alessandria", "regione": "Piemonte" },
  { "nome": "Ancona", "regione": "Marche" },
  { "nome": "Arezzo", "regione": "Toscana" },
  { "nome": "Ascoli Piceno", "regione": "Marche" },
  { "nome": "Asti", "regione": "Piemonte" },
  { "nome": "Avellino", "regione": "Campania" },
  { "nome": "Bari", "regione": "Puglia" },
  { "nome": "Barletta-Andria-Trani", "regione": "Puglia" },
  { "nome": "Belluno", "regione": "Veneto" },
  { "nome": "Benevento", "regione": "Campania" },
  { "nome": "Bergamo", "regione": "Lombardia" },
  { "nome": "Biella", "regione": "Piemonte" },
  { "nome": "Bologna", "regione": "Emilia-Romagna" },
  { "nome": "Bolzano/Bozen", "regione": "Trentino-Alto Adige/Südtirol" },
  { "nome": "Brescia", "regione": "Lombardia" },
  { "nome": "Brindisi", "regione": "Puglia" },
  { "nome": "Cagliari", "regione": "Sardegna" },
  { "nome": "Caltanissetta", "regione": "Sicilia" },
  { "nome": "Campobasso", "regione": "Molise" },
  { "nome": "Carbonia-Iglesias", "regione": "Sardegna" },
  { "nome": "Caserta", "regione": "Campania" },
  { "nome": "Catania", "regione": "Sicilia" },
  { "nome": "Catanzaro", "regione": "Calabria" },
  { "nome": "Chieti", "regione": "Abruzzo" },
  { "nome": "Como", "regione": "Lombardia" },
  { "nome": "Cosenza", "regione": "Calabria" },
  { "nome": "Cremona", "regione": "Lombardia" },
  { "nome": "Crotone", "regione": "Calabria" },
  { "nome": "Cuneo", "regione": "Piemonte" },
  { "nome": "Enna", "regione": "Sicilia" },
  { "nome": "Fermo", "regione": "Marche" },
  { "nome": "Ferrara", "regione": "Emilia-Romagna" },
  { "nome": "Firenze", "regione": "Toscana" },
  { "nome": "Foggia", "regione": "Puglia" },
  { "nome": "Forlì-Cesena", "regione": "Emilia-Romagna" },
  { "nome": "Frosinone", "regione": "Lazio" },
  { "nome": "Genova", "regione": "Liguria" },
  { "nome": "Gorizia", "regione": "Friuli-Venezia Giulia" },
  { "nome": "Grosseto", "regione": "Toscana" },
  { "nome": "Imperia", "regione": "Liguria" },
  { "nome": "Isernia", "regione": "Molise" },
  { "nome": "L'Aquila", "regione": "Abruzzo" },
  { "nome": "La Spezia", "regione": "Liguria" },
  { "nome": "Latina", "regione": "Lazio" },
  { "nome": "Lecce", "regione": "Puglia" },
  { "nome": "Lecco", "regione": "Lombardia" },
  { "nome": "Livorno", "regione": "Toscana" },
  { "nome": "Lodi", "regione": "Lombardia" },
  { "nome": "Lucca", "regione": "Toscana" },
  { "nome": "Macerata", "regione": "Marche" },
  { "nome": "Mantova", "regione": "Lombardia" },
  { "nome": "Massa-Carrara", "regione": "Toscana" },
  { "nome": "Matera", "regione": "Basilicata" },
  { "nome": "Medio Campidano", "regione": "Sardegna" },
  { "nome": "Messina", "regione": "Sicilia" },
  { "nome": "Milano", "regione": "Lombardia" },
  { "nome": "Modena", "regione": "Emilia-Romagna" },
  { "nome": "Monza e della Brianza", "regione": "Lombardia" },
  { "nome": "Napoli", "regione": "Campania" },
  { "nome": "Novara", "regione": "Piemonte" },
  { "nome": "Nuoro", "regione": "Sardegna" },
  { "nome": "Ogliastra", "regione": "Sardegna" },
  { "nome": "Olbia-Tempio", "regione": "Sardegna" },
  { "nome": "Oristano", "regione": "Sardegna" },
  { "nome": "Padova", "regione": "Veneto" },
  { "nome": "Palermo", "regione": "Sicilia" },
  { "nome": "Parma", "regione": "Emilia-Romagna" },
  { "nome": "Pavia", "regione": "Lombardia" },
  { "nome": "Perugia", "regione": "Umbria" },
  { "nome": "Pesaro e Urbino", "regione": "Marche" },
  { "nome": "Pescara", "regione": "Abruzzo" },
  { "nome": "Piacenza", "regione": "Emilia-Romagna" },
  { "nome": "Pisa", "regione": "Toscana" },
  { "nome": "Pistoia", "regione": "Toscana" },
  { "nome": "Pordenone", "regione": "Friuli-Venezia Giulia" },
  { "nome": "Potenza", "regione": "Basilicata" },
  { "nome": "Prato", "regione": "Toscana" },
  { "nome": "Ragusa", "regione": "Sicilia" },
  { "nome": "Ravenna", "regione": "Emilia-Romagna" },
  { "nome": "Reggio di Calabria", "regione": "Calabria" },
  { "nome": "Reggio nell'Emilia", "regione": "Emilia-Romagna" },
  { "nome": "Rieti", "regione": "Lazio" },
  { "nome": "Rimini", "regione": "Emilia-Romagna" },
  { "nome": "Roma", "regione": "Lazio" },
  { "nome": "Rovigo", "regione": "Veneto" },
  { "nome": "Salerno", "regione": "Campania" },
  { "nome": "Sassari", "regione": "Sardegna" },
  { "nome": "Savona", "regione": "Liguria" },
  { "nome": "Siena", "regione": "Toscana" },
  { "nome": "Siracusa", "regione": "Sicilia" },
  { "nome": "Sondrio", "regione": "Lombardia" },
  { "nome": "Taranto", "regione": "Puglia" },
  { "nome": "Teramo", "regione": "Abruzzo" },
  { "nome": "Terni", "regione": "Umbria" },
  { "nome": "Torino", "regione": "Piemonte" },
  { "nome": "Trapani", "regione": "Sicilia" },
  { "nome": "Trento", "regione": "Trentino-Alto Adige/Südtirol" },
  { "nome": "Treviso", "regione": "Veneto" },
  { "nome": "Trieste", "regione": "Friuli-Venezia Giulia" },
  { "nome": "Udine", "regione": "Friuli-Venezia Giulia" },
  { "nome": "Valle d'Aosta/Vallée d'Aoste", "regione": "Valle d'Aosta" },
  { "nome": "Varese", "regione": "Lombardia" },
  { "nome": "Venezia", "regione": "Veneto" },
  { "nome": "Verbano-Cusio-Ossola", "regione": "Piemonte" },
  { "nome": "Vercelli", "regione": "Piemonte" },
  { "nome": "Verona", "regione": "Veneto" },
  { "nome": "Vibo Valentia", "regione": "Calabria" },
  { "nome": "Vicenza", "regione": "Veneto" },
  { "nome": "Viterbo", "regione": "Lazio" }
]
